Tehmine,12344,qazwsxedc@gmail.com
Tehmine,,qazwsxedc@gmail.com
Tehmine,,hahnazbnazg2@gmail.com
Tehmine,,hahnazbnazg2@gmail.com
Tehmine,,hahnazbnazg2@gmail.com
Tehmine,,hahnazbnazg2@gmail.com
Tehmine,,hahnazbnazg2@gmail.com
Tehmine,,hahnazbnazg2@gmail.com
Tehmine,,hahnazbnazg2@gmail.com
Tehmine,,hahnazbnazg2@gmail.com
Tehmine,,hahnazbnazg2@gmail.com
Tehmine,,hahnazbnazg2@gmail.com
Tehmine,,hahnazbnazg2@gmail.com
Tehmine,,hahnazbnazg2@gmail.com
Tehmine,1,hahnazbnazg2@gmail.com
sdsd,,sdvsfv@gmail.com
caca,scsdc,hahnazbnazg2@gmail.com
caca,scsdc,hahnazbnazg2@gmail.com
cacagh,yjtyjytj,hahnazbnazg2@gmail.com
cacagh,,hahnazbnazg2@gmail.com
cacagh,,hahnazbnazg2@gmail.com
cacagh,,hahnazbnazg2@gmail.com
cacagh,,hahnazbnazg2@gmail.com
cacagh,,hahnazbnazg2@gmail.com
cacagh,,hahnazbnazg2@gmail.com
cacagh,,hahnazbnazg2@gmail.com
cacagh,,hahnazbnazg2@gmail.com
cacagh,,dbdfbd@gmail.com
Tehmine,,qazwsxedc@gmail.com
Tehmine,,qazwsxedc@gmail.com
Tehmine,6uy6j6j,qazwsxedc@gmail.com
